Transaction Description,Category
Bought groceries at the supermarket,Food
Monthly rent payment,Housing
Donation,Charity
Movie tickets for family,Family
Bus fare to office,Transportation
Electricity bill,Utilities
Vet visit for dog,Pets
Flight tickets to Bali,Travel
Gym membership renewal,Health
Books for college,Education
Birthday gift for friend,Shopping
Office supplies purchase,Office
dinner at restaurant,Food
Outdoor camping gear,Outdoor
Mortgage payment,Housing
Home renovation,Home
Weekend trip expenses,Travel
Medical check-up,Health
Charity event donation,Charity
Monthly internet bill,Utilities
Pet food,Pets
Concert tickets,Entertainment
Taxi fare,Transportation
Online course fee,Education
Groceries for the week,Food
Office party expenses,Office
Family vacation,Travel
Water bill,Utilities
New clothes shopping,Shopping
Outdoor sports equipment,Outdoor
Home cleaning service,Home
Car maintenance,Transportation
Streaming service subscription,Entertainment
School supplies,Education
Donation to animal shelter,Charity
Gas bill,Utilities
Pet grooming,Pets
Weekend getaway,Travel
Doctor's appointment,Health
Charity fundraiser,Charity
Pet toys,Pets
Movie night,Entertainment
Train ticket,Transportation
Online course subscription,Education
Weekly groceries,Food
Office furniture,Office
outing,Travel
Home insurance,Home
Outdoor adventure trip,Outdoor
Medical insurance,Health
Charity auction,Charity
Monthly water bill,Utilities
Pet accessories,Pets
Concert night,Entertainment
Bus ticket,Transportation
Tuition fee,Education
Supermarket shopping,Food
Office renovation,Office
road trip,Travel
Home maintenance,Home
Outdoor hiking gear,Outdoor
Health check-up,Health
Charity walkathon,Charity
Monthly gas bill,Utilities
Pet vet visit,Pets
Movie tickets,Entertainment
Cab fare,Transportation
Online class fee,Education
Weekly supermarket run,Food
Office equipment,Office
Family holiday,Travel
Home improvement,Home
Outdoor camping trip,Outdoor
Health insurance,Health
Charity donation,Charity
Monthly electricity bill,Utilities
Pet care,Pets
Train fare,Transportation
Course enrollment,Education
Groceries shopping,Food
Office supplies,Office
Family trip,Travel
Home repair,Home
Outdoor adventure,Outdoor
Medical expenses,Health
Charity event,Charity
Monthly utility bill,Utilities
Pet supplies,Pets
Entertainment expenses,Entertainment
Transportation cost,Transportation
Education fee,Education
Food expenses,Food
Office expenses,Office
Travel expenses,Travel
Home expenses,Home
Outdoor expenses,Outdoor
Health expenses,Health
Lunch at the new cafe,Food
Monthly house rent,Housing
Charity donation for education,Charity
Tickets for the theater show,Entertainment
Uber ride to the airport,Transportation
Pet grooming service,Pets
Annual dental check-up,Health
Tuition fee for online course,Education
Shopping for winter clothes,Shopping
Office desk purchase,Office
Family dinner at a restaurant,Food
Camping gear for weekend trip,Outdoor
Home loan installment,Housing
Fuel for the car,Transportation
Subscription to music streaming service,Entertainment
Online course registration fee,Education
Weekly grocery shopping,Food
Office printer purchase,Office
Family weekend trip,Travel
Electricity bill payment,Utilities
Pet food purchase,Pets
Concert tickets for the band,Entertainment
Taxi fare to the hotel,Transportation
Online learning platform subscription,Education
Monthly grocery shopping,Food
Office supplies order,Office
Family holiday booking,Travel
Home security system installation,Home
Outdoor sports event registration,Outdoor
Health insurance premium payment,Health
Charity marathon registration fee,Charity
Monthly utility bill payment,Utilities
Pet vaccination appointment,Pets
Movie streaming service subscription,Entertainment
Bus pass renewal fee,Transportation
Course material purchase fee,Education
Weekly vegetable shopping,Food
Office decor items purchase,Office
Family trip planning expenses,Travel
Home appliance repair cost,Home
Outdoor adventure gear purchase,Outdoor
Medical treatment cost payment,Health
Charity fundraiser event registration,Charity
Monthly gas bill payment,Utilities
Pet boarding service fee,Pets
Concert night out expenses,Entertainment
Train ticket booking fee,Transportation
Online class enrollment fee,Education
Weekly food shopping expenses,Food
Office equipment purchase fee,Office
Family vacation planning expenses,Travel
Home renovation project cost,Home
Outdoor camping supplies purchase,Outdoor
Health check-up fee payment,Health
Charity auction participation fee,Charity
Monthly water bill payment,Utilities
Pet care products purchase,Pets
Entertainment subscription fee,Entertainment
Transportation fare payment,Transportation
Education course fee payment,Education
Food shopping list expenses,Food
Office supplies order fee,Office
Travel itinerary planning expenses,Travel
Home maintenance cost payment,Home
Outdoor activity cost payment,Outdoor
Health service fee payment,Health
Charity event participation fee,Charity
Pet supplies purchase fee,Pets
Entertainment expenses payment,Entertainment
Transportation cost payment,Transportation
Education fee payment,Education
Food expenses payment,Food
Office expenses payment,Office
Travel expenses payment,Travel
Home expenses payment,Home
Outdoor expenses payment,Outdoor
Health expenses payment,Health
Groceries from the local market,Food
Monthly mortgage payment,Housing
Charity donation for disaster relief,Charity
Tickets for the amusement park,Entertainment
Train pass for daily commute,Transportation
Water bill payment,Utilities
Hotel booking for vacation,Travel
Annual health check-up,Health
Tuition fee for semester,Education
Clothes shopping spree,Shopping
Office chair purchase,Office
Family brunch at cafe,Food
Camping trip supplies,Outdoor
Home loan EMI,Housing
Home painting service,Home
Car fuel,Transportation
Netflix subscription,Entertainment
Online course registration,Education
Printer for office,Office
Family weekend getaway,Travel
New shoes for pet,Pets
Concert tickets purchase,Entertainment
Taxi ride to airport,Transportation
Online learning platform fee,Education
Office stationery,Office
Home security system,Home
Outdoor sports event,Outdoor
Health insurance premium,Health
Charity marathon entry fee,Charity
Pet vaccination,Pets
Movie streaming service,Entertainment
Bus pass renewal,Transportation
Course material purchase,Education
Supermarket weekly run,Food
Office decor items,Office
Family trip planning,Travel
Home appliance repair,Home
Outdoor adventure gear,Outdoor
Medical treatment cost,Health
Charity fundraiser event,Charity
Pet boarding service,Pets
Concert night out,Entertainment
Train ticket booking,Transportation
Online class enrollment,Education
Weekly food shopping,Food
Office equipment purchase,Office
Family vacation planning,Travel
Home renovation project,Home
Outdoor camping supplies,Outdoor
Health check-up fee,Health
Charity auction participation,Charity
Pet care products,Pets
Entertainment subscription,Entertainment
Transportation fare,Transportation
Education course fee,Education
Food shopping list,Food
Travel itinerary,Travel
Home maintenance cost,Home
Outdoor activity cost,Outdoor
Health service fee,Health
Charity event participation,Charity
Hotel booking for business trip,Travel
coffee,Food
lunch,Food
burger for a homeless man,Charity
Starbucks latte,Food
buying groceries,Food
transportation to work,Transportation
bus fare,Transportation
taxi ride home,Transportation
Samsung phone repair,Shopping
new Apple Watch,Shopping
gas for the car,Transportation
movie tickets,Entertainment
donation to Red Cross,Charity
gift for a friend,Shopping
pet food,Pets
doctor appointment,Health
rent for the apartment,Housing
utility bill,Utilities
electricity payment,Utilities
new TV from Samsung,Shopping
gym membership,Health
travel to Paris,Travel
book for a class,Education
lunch at Burger King,Food
purchased outdoor gear,Outdoor
family dinner at home,Family
medical check-up,Health
cleaning supplies,Home
charitable donation,Charity
food delivery from local diner,Food
purchase of new shoes,Shopping
car maintenance,Transportation
internet bill,Utilities
gas for the lawn mower,Home
sunscreen for the beach,Outdoor
buying a new laptop,Shopping
hotel stay for vacation,Travel
home renovation supplies,Home
coffee machine repair,Home
family picnic supplies,Family
season tickets for sports,Entertainment
charitable fundraiser event,Charity
monthly rent payment,Housing
grocery store run,Food
weekend getaway to the mountains,Travel
birthday gift for a relative,Family
new set of gardening tools,Outdoor
office supplies purchase,Office
buying a book for a course,Education
monthly gym fee,Health
Starbucks frappuccino,Food
contribution to local food bank,Charity
cleaning services,Home
maintenance for home appliances,Home
new bike purchase,Transportation
coffee shop visit,Food
barbecue supplies,Outdoor
tickets for a concert,Entertainment
paying for a course,Education
pediatrician visit,Health
purchased outdoor furniture,Outdoor
payment for a subscription box,Shopping
family holiday gifts,Family
haircut at salon,Health
rent for the office space,Office
purchase of an exercise bike,Health
new garden plants,Outdoor
buying a new fridge,Home
train ticket for business trip,Transportation
donation to animal shelter,Charity
weekend trip to the lake,Travel
new smartphone case,Shopping
home cleaning service,Home
purchasing a new bicycle,Transportation
internet upgrade,Utilities
seasonal flu shot,Health
buying books for children,Education
trip to the zoo with family,Family
purchasing a smartwatch,Shopping
charity run entry fee,Charity
family movie night snacks,Family
electric bill payment,Utilities
day pass for amusement park,Entertainment
purchase of winter clothes,Shopping
home security system upgrade,Home
buying groceries online,Food
donation for disaster relief,Charity
lunch with colleagues,Food
repairing the washing machine,Home
seasonal holiday decorations,Home
furniture purchase for living room,Home
shopping for office supplies,Office
purchasing a camera for vacation,Travel
monthly rent for office space,Office
purchase of a new tablet,Shopping
buying a new TV,Shopping
purchases at outdoor market,Outdoor
car rental for weekend trip,Travel
rent payment for vacation cabin,Travel
medical consultation fee,Health
donation to environmental group,Charity
buying camping gear,Outdoor
holiday gift shopping,Shopping
surgical procedure,Health
purchasing a new desk for home office,Home
grocery delivery service,Food
charity dinner event ticket,Charity
lunch with family at diner,Food
gym equipment purchase,Health
paying for an online course,Education
cleaning supplies for the house,Home
purchasing a new microwave,Home
weekend getaway trip,Travel
buying a blender,Home
new furniture for the patio,Outdoor
home insurance payment,Home
trip to the amusement park,Entertainment
purchase of an exercise class membership,Health
buying a new camera for work,Office
food and drinks for a party,Food
gift for a child’s birthday,Family
bicycle repair,Transportation
buying a new coffee maker,Home
subscription for a cooking class,Education
transportation to the airport,Transportation
new set of kitchen appliances,Home
purchase of a new gaming console,Entertainment
buying a new suitcase,Travel
grocery shopping for the week,Food
family outing to the museum,Family
new laptop accessories,Shopping
savings bond purchase,Shopping
home office decoration,Home
gasoline for the car,Transportation
buying new winter gear,Shopping
donation to cancer research,Charity
holiday spending for family,Family
purchasing a new home appliance,Home
new phone charger,Shopping
rent for vacation home,Travel
buying new art supplies,Education
weekly grocery shopping,Food
paying for a music streaming service,Entertainment
purchasing a new yoga mat,Health
buying a new fridge for the kitchen,Home
family celebration dinner,Family
contribution to a community fund,Charity
purchase of a new blender for the kitchen,Home
buying a gift for a spouse,Family
new workout clothes,Health
paying for an online subscription,Entertainment
office rent for the month,Office
buying new gardening equipment,Outdoor
family trip to the beach,Travel
sponsorship for a charity event,Charity
office chair purchase,Office
monthly phone bill payment,Utilities
purchasing new outdoor furniture,Outdoor
grocery shopping for party,Food
new camera gear,Shopping
payment for an online learning course,Education
buying a new set of kitchen tools,Home
family visit to a zoo,Family
buying a new set of golf clubs,Outdoor
lunch out with friends,Food
new season tickets for sports team,Entertainment
buying a new tablet case,Shopping
purchase of a new stove,Home
charity event donation,Charity
office repair costs,Office
buying a new tent for camping,Outdoor
home cleaning supplies,Home
rent payment for office,Office
purchase of a new winter coat,Shopping
payment for home renovation,Home
grocery shopping for health food,Food
purchase of a new bicycle helmet,Transportation
donation to animal rescue,Charity
buying a new laptop stand,Shopping
family visit to an aquarium,Family
new kitchen gadget purchase,Home
buying a new GPS device,Travel
office computer repair,Office
buying new clothes for winter,Shopping
purchasing a new set of towels,Home
purchase of a new exercise bike,Health
buying a new outdoor grill,Outdoor
monthly payment for fitness app,Health
new book for home library,Home
family game night supplies,Family
payment for a dental visit,Health
buying a new camera for travel,Travel
grocery shopping for special occasion,Food
donation to veterans’ organization,Charity
purchase of new art supplies for kids,Education
buying a new sofa,Home
family celebration for a milestone,Family
buying a new set of cookware,Home
office equipment purchase,Office
payment for a painting class,Education
new set of home workout equipment,Health
buying a new printer for home office,Office
purchasing a new garden hose,Outdoor
monthly rent for family apartment,Housing
buying a new video game console,Entertainment
payment for a new appliance,Home
purchase of new travel accessories,Travel
buying a new exercise band,Health
monthly rent,Housing
samsung phone purchase,Shopping
gas for car,Transportation
family dinner,Family
weekend getaway,Travel
dog food,Pets
electricity bill,Utilities
college textbooks,Education
office supplies,Office
new hiking boots,Outdoor
donation to local shelter,Charity
online course fee,Education
repair service for fridge,Home
groceries,Food
weekend trip to beach,Travel
child's birthday gift,Family
taxi ride,Transportation
new TV for living room,Home
medical checkup,Health
buying a new couch,Home
donating to charity run,Charity
dinner at burger king,Food
new software for work,Office
taking the dog to the vet,Health
paying for internet,Utilities
shopping at apple store,Shopping
coffee with friends,Food
grocery shopping,Food
buying books for self,Education
rent for office space,Office
replacing air conditioner,Home
gift for friend,Family
saving for vacation,Travel
buying pet toys,Pets
monthly insurance,Utilities
tickets for amusement park,Entertainment
Starbucks coffee beans,Food
buying workout gear,Outdoor
new furniture for bedroom,Home
kids' school supplies,Education
weekend camping trip,Outdoor
medical bills,Health
new smartwatch,Shopping
paying water bill,Utilities
birthday gift for partner,Family
lunch at local diner,Food
buying cat litter,Pets
subscriptions for online services,Office
family movie night,Entertainment
office renovation,Home
grocery delivery,Food
trip to local zoo,Entertainment
bike repair,Transportation
paying for phone bill,Utilities
new bike for exercise,Outdoor
purchase of office chair,Office
monthly cleaning supplies,Home
buying kids' clothes,Shopping
dog grooming,Health
buying a tent for camping,Outdoor
gifts for children,Family
gym gear purchase,Health
donation to food bank,Charity
buying new kitchen gadgets,Home
dinner at fancy restaurant,Food
new office printer,Office
paying for streaming services,Entertainment
repair for washing machine,Home
buying seasonal decorations,Home
taking the family out for lunch,Family
purchase of new car,Transportation
paying for house insurance,Housing
new shoes from Nike,Shopping
books for kids,Education
buying pet food,Food
subscription for fitness app,Health
charity auction donation,Charity
buying new gaming console,Entertainment
rent for a new apartment,Housing
new cookware for kitchen,Home
pet adoption fee,Charity
grocery bill,Food
buying tools for gardening,Outdoor
buying concert tickets,Entertainment
purchase of a new mattress,Home
paying for car registration,Transportation
family weekend trip,Travel
rent for parking space,Utilities
paying for house cleaning,Home
purchasing new music albums,Entertainment
buying a smartwatch,Shopping
electric bill,Utilities
buying outdoor furniture,Outdoor
grocery store visit,Food
buying a new bicycle,Outdoor
paying for home repairs,Home
donation to veterans' fund,Charity
buying snacks for kids,Food
new fitness tracker,Health
rent for office building,Office
buying new curtains,Home
coffee with colleagues,Food
family outing to theme park,Entertainment
buying tools for DIY project,Home
pet vaccinations,Health
buying new phone case,Shopping
gym membership renewal,Health
lunch at local cafe,Food
buying a new desk for home office,Home
subscription to a magazine,Entertainment
purchase of home security system,Home
buying seasonal fruits,Food
dinner at seafood restaurant,Food
buying a new camera,Shopping
paying for car insurance,Transportation
charitable contribution,Charity
family vacation trip,Travel
office cleaning supplies,Office
buying a new blender,Home
paying for personal training,Health
monthly mortgage payment,Housing
buying gardening supplies,Outdoor
paying for tutoring,Education
buying toys for children,Shopping
new hiking gear,Outdoor
lunch with coworkers,Food
paying for home utilities,Utilities
buying outdoor grill,Outdoor
new headphones,Shopping
buying office desk,Office
taking the family out for dinner,Food
buying pet grooming products,Health
paying for landscaping service,Home
buying new printer cartridges,Office
coffee maker purchase,Home
buying workout apparel,Health
payment for child’s activities,Family
buying a new laptop bag,Shopping
donation to environmental cause,Charity
paying for internet subscription,Utilities
buying new toys for dog,Pets
purchase of home decor items,Home
dinner at Italian restaurant,Food
buying a tent for camping trip,Outdoor
paying for phone repairs,Utilities
buying a new backpack,Shopping
donation to local orphanage,Charity
purchase of new camera equipment,Shopping
family day at the zoo,Entertainment
buying snacks for movie night,Food
paying for emergency medical treatment,Health
new kitchen appliances,Home
buying pet food and treats,Food
subscription to an educational platform,Education
buying a new gaming keyboard,Shopping
paying for family health insurance,Health
new office decorations,Office
buying outdoor sports gear,Outdoor
monthly water bill,Utilities
dinner at a sushi restaurant,Food
buying a new phone charger,Shopping
paying for child's school trip,Education
buying cleaning supplies for home,Home
donation to local animal shelter,Charity
new office chair purchase,Office
buying a gift for anniversary,Family
taking the kids to an amusement park,Entertainment
paying for gym renovation,Health
buying seasonal decorations for home,Home
new bicycle for commuting,Transportation
paying for family holiday trip,Travel
purchasing a new washing machine,Home
buying pet bedding,Home
donation to local homeless shelter,Charity
buying new office equipment,Office
purchase of outdoor grill,Outdoor
new family car,Transportation
paying for home pest control,Home
buying a new dishwasher,Home
monthly cable bill,Utilities
buying new laptop accessories,Shopping
family outing to museum,Education
buying seasonal plants for garden,Outdoor
donation for animal welfare,Charity
buying new book collection,Education
buying a new gaming console,Entertainment
paying for family health check-ups,Health
buying new sunglasses,Shopping
rent for commercial space,Office
purchasing seasonal clothing,Shopping
buying new cleaning products,Home
paying for annual home insurance,Utilities
buying a new bicycle helmet,Outdoor
donation to educational fund,Charity
buying a new refrigerator,Home
lunch with family,Food
buying a new gaming headset,Entertainment
paying for monthly gym membership,Health
buying a new coffee grinder,Home
buying snacks for a party,Food
donation to cancer foundation,Charity
new desk organizer for office,Office
purchasing home safety equipment,Home
family picnic,Outdoor
buying new office chair,Office
paying for household maintenance,Home
buying groceries for the week,Food
donation to health research,Charity
buying new garden tools,Outdoor
monthly phone plan,Utilities
buying new workout shoes,Health
purchase of new home stereo system,Home
family movie night out,Entertainment
buying pet grooming tools,Health
new outdoor furniture set,Outdoor
monthly car maintenance,Transportation
buying a new book on gardening,Education
buying a new mattress for bedroom,Home
paying for emergency home repairs,Home
new office laptop,Shopping
donation to local community fund,Charity
buying new cookware set,Home
rent for family vacation home,Travel
buying seasonal fruits and vegetables,Food
monthly gym subscription,Health
purchasing a new kitchen island,Home
donation to medical research,Charity
buying office supplies,Office
new family entertainment system,Entertainment
buying a new pet carrier,Pets
paying for house painting,Home
new garden furniture,Outdoor
buying new holiday decorations,Home
monthly mortgage for house,Housing
buying new yoga mat,Health
paying for home security monitoring,Home
buying new bicycle accessories,Outdoor
donation to disaster relief fund,Charity
buying new gardening gloves,Outdoor
buying a new coffee table,Home
paying for child's extracurricular activities,Family
buying a new home gym,Health
purchase of new office printer,Office
buying a new car battery,Transportation
paying for online learning course,Education
new pet bed,Home
buying new cookware for kitchen,Home
Gas refill,Transportation
Apple Watch,Shopping
Fishing rod,Outdoor
Monthly school fees,Education
Science camp for kids,Education
New phone case,Shopping
Living room decor,Home
Bought groceries for family,Family
burger for a homeless man,Food
Security system installation,Housing
Best Buy electronics,Shopping
Stationery supplies from Adidas,Office
Night out bowling,Entertainment
Train ticket to city,Transportation
Airbnb stay from Nike,Travel
New gaming console,Entertainment
New bed sheets,Home
Picnic supplies from Best Buy,Outdoor
Samsung TV from Apple Watch,Shopping
lunch from Uber,Food
Supported children's home from Adidas,Charity
New luggage for trip from Starbucks,Travel
Gym membership from Adidas,Health
Water bill from Apple Watch,Utilities
Pharmacy purchase,Health
Printer ink,Office
Bought hiking shoes,Outdoor
Monthly rent,Housing
Team lunch at office,Office
Wall paint for living room from Airbnb,Home
Donation to local charity,Charity
Online coding course,Education
Monthly phone bill,Utilities
Fishing rod from Nike,Outdoor
Stationery supplies,Education
Bought groceries for family from Apple Watch,Family
New monitor,Office
Dog walker payment,Pets
Vet visit,Pets
Black Friday deals,Shopping
Cat litter from Amazon,Pets
Home insurance from Apple Watch,Housing
Online coding course from Airbnb,Education
Monthly office supplies,Office
Stationery supplies,Office
New school uniform from Adidas,Family
New bed sheets from Airbnb,Home
Monthly school fees from Samsung,Education
Theme park tickets,Entertainment
Taxi ride to airport from Amazon,Transportation
Camping gear,Outdoor
Supported children's home,Charity
Bought a book from Nike,Entertainment
Home maintenance fee,Utilities
Water bill from Burger King,Utilities
Supported children's home from Best Buy,Charity
New dog toy,Pets
New furniture from Amazon,Housing
Office chair from Samsung,Office
Adopted a puppy,Pets
Science camp for kids from Adidas,Education
coffee from Apple Watch,Food
Hotel booking,Travel
Outdoor BBQ setup,Outdoor
Math tutoring,Education
New school uniform,Family
Rock climbing equipment,Outdoor
Airport shuttle,Travel
New luggage for trip,Travel
dinner at Burger King,Food
Bought textbooks,Education
Gas refill from Burger King,Transportation
Kitchen supplies from Apple Watch,Home
New shoes from Nike from Nike,Shopping
Bought new couch,Home
New dog toy from Airbnb,Pets
New sneakers from Starbucks,Shopping
Gardening tools,Home
New luggage for trip from Apple Watch,Travel
burger for a homeless man from Burger King,Food
Monthly school fees from Uber,Education
New sneakers from Nike,Shopping
Yoga class,Health
Night out bowling from Nike,Entertainment
Airport shuttle from Samsung,Travel
Plane ticket to New York,Travel
New bed sheets from Uber,Home
Bought vitamins from Samsung,Health
Donated clothes,Charity
Bought vitamins from Nike,Health
New bike tire from Airbnb,Transportation
Clothes shopping at Amazon,Shopping
New dog toy from Starbucks,Pets
Child's birthday gift,Family
Monthly office supplies from Best Buy,Office
Houseplant purchase,Home
Monthly charity donation,Charity
Kitchen supplies from Samsung,Home
New shoes from Nike from Amazon,Shopping
Pet food from Apple Watch,Pets
Rock climbing equipment from Apple Watch,Outdoor
Art workshop registration from Starbucks,Education
lunch from Samsung,Food
Cat litter from Samsung,Pets
Stationery supplies from Apple Watch,Office
Dog walker payment from Airbnb,Pets
House cleaning service from Uber,Housing
Bought a book,Entertainment
Travel insurance from Adidas,Travel
Fundraising event contribution,Charity
Taxi ride to airport from Burger King,Transportation
Plane ticket to New York from Uber,Travel
Car rental,Travel
Donated clothes from Samsung,Charity
Gardening tools from Starbucks,Housing
Donated clothes from Burger King,Charity
Team lunch at office from Samsung,Office
Supported children's home from Uber,Charity
New running shoes,Health
Wall paint for living room from Apple Watch,Home
Cable subscription payment,Utilities
Office chair,Office
Airbnb stay,Travel
Kitchen supplies,Home
Office decor,Office
House cleaning service from Apple Watch,Housing
Bought groceries for family from Nike,Family
House cleaning service from Airbnb,Housing
Monthly rent from Samsung,Housing
Living room decor from Apple Watch,Home
Annual pet vaccination,Pets
Internet payment from Burger King,Utilities
Supported children's home from Starbucks,Charity
Home insurance,Housing
Picnic supplies,Outdoor
Stationery supplies from Starbucks,Office
Movie tickets from Nike,Entertainment
coffee from Samsung,Food
New shoes from Nike,Shopping
New luggage for trip from Airbnb,Travel
Child's birthday gift from Uber,Family
Monthly charity donation from Airbnb,Charity
Monthly office supplies from Nike,Office
snacks for movie night from Nike,Food
Hotel booking from Best Buy,Travel
Dental checkup,Health
Car maintenance from Samsung,Transportation
Monthly bus pass from Airbnb,Transportation
Apple Watch from Uber,Shopping
Gas bill from Starbucks,Utilities
Team lunch at office from Starbucks,Office
Gym membership,Health
Dinner with family from Starbucks,Family
Bought meals for shelter,Charity
Hotel booking from Airbnb,Travel
Outdoor BBQ setup from Airbnb,Outdoor
Dinner with family from Amazon,Family
Uber to work from Adidas,Transportation
snacks for movie night from Samsung,Food
Water bill from Starbucks,Utilities
Gardening tools from Best Buy,Housing
lunch from Apple Watch,Food
Wall paint for living room,Home
Samsung TV,Shopping
New furniture,Housing
dinner at Burger King from Adidas,Food
Wall paint for living room from Starbucks,Home
Dinner with family,Family
House cleaning service,Housing
Art workshop registration,Education
Bought groceries for family from Uber,Family
Pharmacy purchase from Burger King,Health
Supported children's home from Amazon,Charity
Internet payment,Utilities
New bike tire,Transportation
Doctor's appointment from Airbnb,Health
Gardening tools,Housing
Dinner with family from Uber,Family
Doctor's appointment from Best Buy,Health
Bought groceries for family from Adidas,Family
Bought hiking shoes from Adidas,Outdoor
Fundraising event contribution from Best Buy,Charity
Math tutoring from Airbnb,Education
Child's birthday gift from Apple Watch,Family
Pet food from Starbucks,Pets
Annual pet vaccination from Adidas,Pets
New sneakers,Shopping
Cat litter from Starbucks,Pets
Bought hiking shoes from Best Buy,Outdoor
Pet food from Airbnb,Pets
Wall paint for living room from Best Buy,Home
New bed sheets from Apple Watch,Home
New luggage for trip from Uber,Travel
Gas refill from Nike,Transportation
Home insurance from Starbucks,Housing
Living room decor from Uber,Home
Dog walker payment from Best Buy,Pets
Family picnic supplies,Family
Gas bill from Best Buy,Utilities
Gas bill from Uber,Utilities
Bought hiking shoes from Nike,Outdoor
Plane ticket to New York from Apple Watch,Travel
Internet payment from Airbnb,Utilities
Airbnb stay from Burger King,Travel
New monitor from Apple Watch,Office
Bought vitamins from Best Buy,Health
Monthly bus pass from Nike,Transportation
Monthly bus pass,Transportation
Starbucks latte from Airbnb,Food
grocery shopping from Apple Watch,Food
Concert tickets from Amazon,Entertainment
Bought meals for shelter from Amazon,Charity
Doctor's appointment from Nike,Health
Movie tickets from Starbucks,Entertainment
Bought hiking shoes from Amazon,Outdoor
Gas bill from Apple Watch,Utilities
Travel insurance,Travel
Home maintenance fee from Samsung,Utilities
Pharmacy purchase from Airbnb,Health
Math tutoring from Uber,Education
Cat litter,Pets
Vet visit from Amazon,Pets
Monthly phone bill from Nike,Utilities
Best Buy electronics from Burger King,Shopping
Vet visit from Best Buy,Pets
Pharmacy purchase from Adidas,Health
Bought vitamins,Health
Bought a book from Apple Watch,Entertainment
snacks for movie night,Food
Water bill from Uber,Utilities
Gas bill from Nike,Utilities
Uber to work,Transportation
dinner at Burger King from Uber,Food
Electricity bill from Uber,Utilities
grocery shopping from Starbucks,Food
snacks for movie night from Adidas,Food
Family picnic supplies from Adidas,Family
Monthly charity donation from Best Buy,Charity
Mountain bike accessories from Adidas,Outdoor
Family picnic supplies from Airbnb,Family
New school uniform from Burger King,Family
Dinner with family from Samsung,Family
Math tutoring from Nike,Education
Art workshop registration from Samsung,Education
Dental checkup from Uber,Health
Bought new couch from Airbnb,Home
Bought new couch from Apple Watch,Home
Concert tickets from Airbnb,Entertainment
Car rental from Burger King,Travel
New school uniform from Airbnb,Family
Outdoor BBQ setup from Amazon,Outdoor
Best Buy electronics from Nike,Shopping
Travel insurance from Amazon,Travel
Living room decor from Nike,Home
Black Friday deals from Amazon,Shopping
Bought groceries for family from Burger King,Family
Child's birthday gift from Best Buy,Family
grocery shopping from Burger King,Food
Bought meals for shelter from Samsung,Charity
Theme park tickets from Apple Watch,Entertainment
Monthly charity donation from Burger King,Charity
House cleaning service from Samsung,Housing
Kitchen supplies from Burger King,Home
Mortgage payment from Uber,Housing
Living room decor from Burger King,Home
House cleaning service from Adidas,Housing
Home maintenance fee from Amazon,Utilities
Math tutoring from Samsung,Education
Electricity bill from Airbnb,Utilities
Family picnic supplies from Starbucks,Family
Child's birthday gift from Starbucks,Family
Living room decor from Starbucks,Home
Taxi ride to airport from Samsung,Transportation
Mountain bike accessories,Outdoor
Airbnb stay from Starbucks,Travel
New school uniform from Amazon,Family
Supported children's home from Apple Watch,Charity
Dog walker payment from Samsung,Pets
Cat litter from Adidas,Pets
New gaming console from Airbnb,Entertainment
Bought textbooks from Adidas,Education
New gaming console from Burger King,Entertainment
coffee from Starbucks,Food
Gas refill from Best Buy,Transportation
Concert tickets from Adidas,Entertainment
Fundraising event contribution from Burger King,Charity
Theme park tickets from Samsung,Entertainment
New phone case from Uber,Shopping
Stationery supplies from Best Buy,Education
Adopted a puppy from Adidas,Pets
coffee from Uber,Food
Home insurance from Burger King,Housing
Bought new couch from Adidas,Home
Car maintenance from Amazon,Transportation
Concert tickets from Burger King,Entertainment
Clothes shopping at Amazon from Burger King,Shopping
Monthly phone bill from Burger King,Utilities
Security system installation from Apple Watch,Housing
Airbnb stay from Apple Watch,Travel
Donation to local charity from Airbnb,Charity
burger for a homeless man from Amazon,Food
Netflix subscription from Starbucks,Entertainment
Bought hiking shoes from Burger King,Outdoor
Printer ink from Apple Watch,Office
Gas bill from Burger King,Utilities
Car maintenance from Nike,Transportation
New bike tire from Starbucks,Transportation
Fundraising event contribution from Amazon,Charity
Gym membership from Nike,Health
Monthly rent from Apple Watch,Housing
Stationery supplies from Amazon,Education
Plane ticket to New York from Airbnb,Travel
New luggage for trip from Amazon,Travel
Art workshop registration from Burger King,Education
New bike tire from Samsung,Transportation
Outdoor BBQ setup from Apple Watch,Outdoor
Gardening tools from Adidas,Home
Yoga class from Uber,Health
Electricity bill from Best Buy,Utilities
Houseplant purchase from Airbnb,Home
Water bill from Amazon,Utilities
Adopted a puppy from Burger King,Pets
Gas bill from Adidas,Utilities
Monthly charity donation from Nike,Charity
New phone case from Burger King,Shopping
Gardening tools from Starbucks,Home
Mortgage payment from Best Buy,Housing
New bed sheets from Best Buy,Home
Monthly rent from Best Buy,Housing
Home insurance from Nike,Housing
Picnic supplies from Starbucks,Outdoor
Stationery supplies from Nike,Education
Math tutoring from Amazon,Education
Bought meals for shelter from Airbnb,Charity
Car rental from Adidas,Travel
Car rental from Nike,Travel
Camping gear from Adidas,Outdoor
Donated clothes from Best Buy,Charity
Clothes shopping at Amazon from Amazon,Shopping
Science camp for kids from Airbnb,Education
Car maintenance from Uber,Transportation
Bought a book from Uber,Entertainment
Taxi ride to airport from Uber,Transportation
Car maintenance from Airbnb,Transportation
Netflix subscription from Airbnb,Entertainment
New running shoes from Uber,Health
Uber ride to office,Transportation
groceries at Walmart,Food
cinema tickets for family night,Entertainment
new Samsung TV,Shopping
dog food at PetSmart,Pets
Netflix monthly subscription,Entertainment
gym membership fee,Health
gas bill,Utilities
train ticket to work,Transportation
McDonald's breakfast,Food
office chair for home workspace,Office
flight tickets to Hawaii,Travel
bought a new fridge,Home
outdoor camping tent from Amazon,Outdoor
doctor consultation,Health
kindergarten fees for child,Education
family dinner at Olive Garden,Food
birthday gift for cousin,Family
dog grooming service,Pets
yoga class subscription,Health
Burger King meal,Food
trainers from Nike store,Shopping
annual donation to WWF,Charity
water bill,Utilities
weekend road trip expenses,Travel
baby stroller,Family
new bed for guest room,Home
car rental for business trip,Transportation
movie tickets for date night,Entertainment
concert tickets for Taylor Swift,Entertainment
Apple Watch purchase,Shopping
snacks for road trip,Food
new curtains for living room,Home
piano lessons for child,Education
cat litter from Petco,Pets
ferry ticket to the island,Travel
water heater repair,Home
paintball event with friends,Outdoor
new laptop for office work,Office
fast food lunch at Taco Bell,Food
pizza delivery from Domino's,Food
monthly donation to local shelter,Charity
Uber to the airport,Transportation
weekly groceries at Trader Joe's,Food
dog collar and leash,Pets
weekend zoo tickets for the family,Entertainment
textbooks for university,Education
ambulance ride after sprain,Health
swimming pool maintenance,Home
fridge repair service,Home
bought a new mountain bike,Outdoor
round trip bus fare,Transportation
new desk for home office,Office
bought a trampoline for backyard,Outdoor
cheesecake from bakery,Food
online course for programming,Education
cat toys from PetSmart,Pets
vacation booking in Paris,Travel
kind donation to children's hospital,Charity
monthly internet bill,Utilities
yoga mat for fitness,Health
swimming lessons for kids,Education
new oven for kitchen,Home
family day at Disneyland,Entertainment
subway ticket to downtown,Transportation
breakfast sandwich,Food
donated old clothes to charity,Charity
new gaming console,Shopping
family photo printing,Family
monthly gym membership,Health
weekend camping supplies,Outdoor
home gardening tools,Home
rented electric scooter,Transportation
cat food from Petco,Pets
bought textbooks for online course,Education
soccer game tickets,Entertainment
round trip flight to Miami,Travel
plumber service for clogged sink,Home
new home security system,Home
weekly donations to local church,Charity
weekly meal prep ingredients,Food
conference room rental,Office
fitness tracker for running,Shopping
new microwave for kitchen,Home
birthday cake for sister,Family
waterpark tickets for kids,Entertainment
road trip fuel,Transportation
vet visit for vaccinations,Pets
airfare for family vacation,Travel
new bed sheets and pillowcases,Home
subway pass for the month,Transportation
university enrollment fee,Education
climbing gear for hiking trip,Outdoor
pizza night with friends,Food
dog treats and chew toys,Pets
monthly phone bill,Utilities
holiday gift for parents,Family
rented beach house for weekend,Travel
tutoring service for math,Education
ice cream from Cold Stone,Food
ski trip with colleagues,Outdoor
new smartphone from Samsung,Shopping
bought printer for home office,Office
theater tickets for play,Entertainment
air conditioning maintenance,Home
organic produce from farmers market,Food
birthday present for nephew,Family
donated books to local library,Charity
bus pass renewal,Transportation
new curtains for bedroom,Home
subscription to National Geographic,Entertainment
antivirus software for computer,Office
camping gear from REI,Outdoor
car repairs after road trip,Transportation
online donation to St. Jude,Charity
school uniform for child,Education
soccer shoes for daughter,Family
new ergonomic office chair,Office
dinner at Cheesecake Factory,Food
cat vaccination,Pets
hotel stay for weekend getaway,Travel
therapy session,Health
electric scooter rental for the day,Transportation
home improvement supplies from Home Depot,Home
theme park tickets for kids,Entertainment
rent payment for apartment,Housing
school trip fee,Education
airline ticket to visit family,Travel
monthly electricity payment,Utilities
subway fare to the city,Transportation
bought new glasses,Health
family picnic groceries,Food
rented paddleboards at the lake,Outdoor
bought a new smartphone case,Shopping
dog sitting service,Pets
movie streaming subscription,Entertainment
annual subscription to online course,Education
new tires for the car,Transportation
family brunch at IHOP,Food
monthly gas bill,Utilities
new bike for son,Family
organic fruits from Whole Foods,Food
train fare to neighboring town,Transportation
dog flea medication,Pets
landscaping service for backyard,Home
first aid kit for home,Health
donation to environmental charity,Charity
flight booking for honeymoon,Travel
running shoes for outdoor activities,Outdoor
school books for daughter,Education
grocery run at Costco,Food
subway fare to the stadium,Transportation
family trip to the aquarium,Entertainment
bought a juicer for home,Home
new water heater for house,Home
taxi to conference,Transportation
subscribed to cooking channel,Entertainment
family visit train fare,Transportation
kindergarten supplies for son,Education
donation to homeless shelter,Charity
plane ticket to NYC,Travel
new treadmill for workout,Health
bus fare to downtown,Transportation
outdoor patio furniture,Outdoor
internet service fee,Utilities
groceries at Aldi,Food
camping gear for weekend trip,Outdoor
eye exam at clinic,Health
family reunion tickets,Family
weekend bike rental,Outdoor
fishing trip expenses,Outdoor
online donation to wildlife fund,Charity
new car battery,Transportation
airfare to visit parents,Travel
apple pie from bakery,Food
annual pet vaccination,Pets
hiking boots for nature trip,Outdoor
paint for the living room,Home
weekend hotel stay,Travel
gym shoes for workouts,Shopping
theme park admission fee,Entertainment
rental car for vacation,Transportation
energy bill for apartment,Utilities
conference registration fee,Office
dentist visit,Health
monthly house rent,Housing
